City    ,State   ,WBAN No ,Lat(N)  ,Long(W) ,Elev(m) ,Pres(mb),Stn Type,Year,Month,Flat-Plate Collector Facing South at Fixed Tilt=0,Flat-Plate Collector Facing South at Fixed Tilt=Lat-15,Flat-Plate Collector Facing South at Fixed Tilt=Lat,Flat-Plate Collector Facing South at Fixed Tilt=Lat+15,Flat-Plate Collector Facing South at Fixed Tilt=90,1-Axis Tracking Flat-Plate Collector with North-South Axis Axis Tilt=0,1-Axis Tracking Flat-Plate Collector with North-South Axis Axis Tilt=Lat-15,1-Axis Tracking Flat-Plate Collector with North-South Axis Axis Tilt=Lat,1-Axis Tracking Flat-Plate Collector with North-South Axis Axis Tilt=Lat+15,2-Axis Tracking Flat-Plate Collector,1-Axis Tracking Concentrating Collector with East-West Horizontal Axis,1-Axis Tracking Concentrating Collector with North-South Horizontal Axis,1-Axis Tracking Concentrating Collector with North-South Axis Axis Tilt=Lat,2-Axis Tracking Concentrating Collector
SPRINGFIELD,MO, 13995, 37.23, 93.38,   387,   972,Secondary,61, 1, 2.6, 3.9, 4.4, 4.8, 4.4, 3.9, 4.8, 5.3, 5.6, 5.6, 3.6, 2.8, 4.0, 4.3
SPRINGFIELD,MO, 13995, 37.23, 93.38,   387,   972,Secondary,61, 2, 2.9, 3.6, 3.9, 4.0, 3.3, 3.8, 4.3, 4.6, 4.6, 4.7, 2.3, 2.1, 2.7, 2.8
SPRINGFIELD,MO, 13995, 37.23, 93.38,   387,   972,Secondary,61, 3, 3.6, 4.1, 4.2, 4.1, 2.9, 4.6, 5.0, 5.1, 5.0, 5.1, 2.2, 2.5, 3.0, 3.0
SPRINGFIELD,MO, 13995, 37.23, 93.38,   387,   972,Secondary,61, 4, 5.1, 5.4, 5.3, 4.9, 2.9, 6.7, 7.0, 6.9, 6.7, 7.1, 3.4, 4.4, 4.6, 4.7
SPRINGFIELD,MO, 13995, 37.23, 93.38,   387,   972,Secondary,61, 5, 5.6, 5.5, 5.2, 4.6, 2.3, 7.2, 7.3, 7.0, 6.6, 7.3, 3.3, 4.5, 4.3, 4.6
SPRINGFIELD,MO, 13995, 37.23, 93.38,   387,   972,Secondary,61, 6, 6.0, 5.8, 5.4, 4.7, 2.3, 7.6, 7.6, 7.3, 6.8, 7.8, 3.4, 4.5, 4.2, 4.6
SPRINGFIELD,MO, 13995, 37.23, 93.38,   387,   972,Secondary,61, 7, 6.2, 6.1, 5.7, 5.0, 2.4, 8.0, 8.1, 7.8, 7.3, 8.2, 3.8, 5.0, 4.8, 5.1
SPRINGFIELD,MO, 13995, 37.23, 93.38,   387,   972,Secondary,61, 8, 5.5, 5.8, 5.6, 5.1, 2.8, 7.3, 7.6, 7.4, 7.1, 7.6, 3.4, 4.6, 4.6, 4.8
SPRINGFIELD,MO, 13995, 37.23, 93.38,   387,   972,Secondary,61, 9, 4.7, 5.3, 5.4, 5.2, 3.5, 6.6, 7.1, 7.1, 6.9, 7.1, 3.5, 4.4, 4.8, 4.8
SPRINGFIELD,MO, 13995, 37.23, 93.38,   387,   972,Secondary,61,10, 3.9, 5.0, 5.4, 5.4, 4.3, 5.6, 6.4, 6.7, 6.7, 6.8, 3.9, 4.0, 4.9, 5.0
SPRINGFIELD,MO, 13995, 37.23, 93.38,   387,   972,Secondary,61,11, 2.3, 3.1, 3.4, 3.5, 3.0, 3.1, 3.7, 3.9, 4.1, 4.1, 2.2, 1.8, 2.5, 2.6
SPRINGFIELD,MO, 13995, 37.23, 93.38,   387,   972,Secondary,61,12, 1.9, 2.6, 3.0, 3.1, 2.8, 2.5, 3.1, 3.4, 3.5, 3.6, 2.0, 1.4, 2.1, 2.3
SPRINGFIELD,MO, 13995, 37.23, 93.38,   387,   972,Secondary,62, 1, 2.3, 3.3, 3.7, 4.0, 3.7, 3.3, 4.0, 4.4, 4.6, 4.6, 2.7, 2.0, 2.9, 3.1
SPRINGFIELD,MO, 13995, 37.23, 93.38,   387,   972,Secondary,62, 2, 3.1, 4.0, 4.4, 4.5, 3.8, 4.2, 4.9, 5.2, 5.3, 5.3, 3.0, 2.7, 3.6, 3.7
SPRINGFIELD,MO, 13995, 37.23, 93.38,   387,   972,Secondary,62, 3, 3.9, 4.6, 4.7, 4.6, 3.3, 5.3, 5.8, 5.9, 5.8, 5.9, 2.8, 3.3, 3.8, 3.8
SPRINGFIELD,MO, 13995, 37.23, 93.38,   387,   972,Secondary,62, 4, 5.1, 5.4, 5.3, 4.8, 2.9, 6.7, 6.9, 6.8, 6.6, 6.9, 3.2, 4.2, 4.4, 4.5
SPRINGFIELD,MO, 13995, 37.23, 93.38,   387,   972,Secondary,62, 5, 6.7, 6.8, 6.4, 5.7, 2.8, 9.0, 9.1, 8.8, 8.3, 9.2, 4.7, 6.2, 6.0, 6.4
SPRINGFIELD,MO, 13995, 37.23, 93.38,   387,   972,Secondary,62, 6, 6.1, 5.9, 5.5, 4.7, 2.3, 7.7, 7.6, 7.3, 6.8, 7.8, 3.5, 4.6, 4.3, 4.7
SPRINGFIELD,MO, 13995, 37.23, 93.38,   387,   972,Secondary,62, 7, 6.1, 6.0, 5.6, 4.9, 2.4, 8.0, 8.0, 7.7, 7.2, 8.1, 3.7, 5.0, 4.8, 5.1
SPRINGFIELD,MO, 13995, 37.23, 93.38,   387,   972,Secondary,62, 8, 6.4, 6.7, 6.4, 5.8, 3.2, 8.7, 9.0, 8.8, 8.4, 9.0, 4.7, 6.3, 6.3, 6.5
SPRINGFIELD,MO, 13995, 37.23, 93.38,   387,   972,Secondary,62, 9, 4.0, 4.4, 4.4, 4.2, 2.8, 5.2, 5.5, 5.5, 5.4, 5.6, 2.4, 3.0, 3.3, 3.3
SPRINGFIELD,MO, 13995, 37.23, 93.38,   387,   972,Secondary,62,10, 3.5, 4.4, 4.7, 4.8, 3.8, 4.9, 5.6, 5.8, 5.8, 5.9, 3.2, 3.3, 4.1, 4.1
SPRINGFIELD,MO, 13995, 37.23, 93.38,   387,   972,Secondary,62,11, 2.3, 3.2, 3.5, 3.7, 3.2, 3.3, 3.8, 4.1, 4.3, 4.3, 2.4, 2.0, 2.8, 2.9
SPRINGFIELD,MO, 13995, 37.23, 93.38,   387,   972,Secondary,62,12, 2.1, 3.1, 3.6, 3.9, 3.6, 3.1, 3.8, 4.2, 4.5, 4.5, 2.9, 2.1, 3.1, 3.4
SPRINGFIELD,MO, 13995, 37.23, 93.38,   387,   972,Secondary,63, 1, 2.4, 3.4, 3.9, 4.2, 3.8, 3.4, 4.2, 4.6, 4.8, 4.8, 3.0, 2.3, 3.3, 3.5
SPRINGFIELD,MO, 13995, 37.23, 93.38,   387,   972,Secondary,63, 2, 3.2, 4.1, 4.5, 4.6, 3.8, 4.5, 5.2, 5.5, 5.6, 5.6, 3.1, 2.9, 3.8, 3.9
SPRINGFIELD,MO, 13995, 37.23, 93.38,   387,   972,Secondary,63, 3, 4.3, 5.1, 5.2, 5.2, 3.7, 5.9, 6.4, 6.6, 6.5, 6.6, 3.4, 3.9, 4.5, 4.5
SPRINGFIELD,MO, 13995, 37.23, 93.38,   387,   972,Secondary,63, 4, 5.3, 5.7, 5.6, 5.2, 3.2, 6.9, 7.3, 7.2, 6.9, 7.3, 3.5, 4.4, 4.6, 4.7
SPRINGFIELD,MO, 13995, 37.23, 93.38,   387,   972,Secondary,63, 5, 6.0, 6.0, 5.7, 5.1, 2.6, 7.7, 7.8, 7.6, 7.2, 7.9, 3.7, 4.9, 4.7, 5.0
SPRINGFIELD,MO, 13995, 37.23, 93.38,   387,   972,Secondary,63, 6, 6.6, 6.5, 5.9, 5.1, 2.4, 8.6, 8.6, 8.3, 7.7, 8.8, 4.4, 5.8, 5.4, 5.9
SPRINGFIELD,MO, 13995, 37.23, 93.38,   387,   972,Secondary,63, 7, 6.6, 6.5, 6.0, 5.2, 2.5, 8.7, 8.7, 8.4, 7.9, 8.9, 4.4, 5.8, 5.5, 5.9
SPRINGFIELD,MO, 13995, 37.23, 93.38,   387,   972,Secondary,63, 8, 6.2, 6.4, 6.2, 5.6, 3.1, 8.2, 8.5, 8.3, 7.9, 8.5, 4.3, 5.7, 5.7, 5.9
SPRINGFIELD,MO, 13995, 37.23, 93.38,   387,   972,Secondary,63, 9, 4.8, 5.6, 5.7, 5.4, 3.7, 6.7, 7.2, 7.3, 7.1, 7.3, 3.6, 4.4, 4.9, 4.9
SPRINGFIELD,MO, 13995, 37.23, 93.38,   387,   972,Secondary,63,10, 4.2, 5.4, 5.9, 6.0, 4.7, 6.2, 7.1, 7.5, 7.5, 7.5, 4.4, 4.6, 5.6, 5.7
SPRINGFIELD,MO, 13995, 37.23, 93.38,   387,   972,Secondary,63,11, 2.8, 4.1, 4.6, 4.9, 4.4, 4.3, 5.2, 5.6, 5.9, 5.9, 3.8, 3.1, 4.3, 4.6
SPRINGFIELD,MO, 13995, 37.23, 93.38,   387,   972,Secondary,63,12, 2.0, 3.0, 3.5, 3.7, 3.4, 3.0, 3.7, 4.0, 4.3, 4.3, 2.6, 1.9, 2.8, 3.1
SPRINGFIELD,MO, 13995, 37.23, 93.38,   387,   972,Secondary,64, 1, 2.6, 3.8, 4.4, 4.7, 4.3, 3.8, 4.7, 5.2, 5.5, 5.5, 3.5, 2.7, 3.8, 4.1
SPRINGFIELD,MO, 13995, 37.23, 93.38,   387,   972,Secondary,64, 2, 3.2, 4.2, 4.6, 4.8, 3.9, 4.5, 5.2, 5.5, 5.7, 5.7, 3.2, 3.0, 3.8, 3.9
SPRINGFIELD,MO, 13995, 37.23, 93.38,   387,   972,Secondary,64, 3, 4.3, 5.0, 5.1, 5.0, 3.7, 5.8, 6.3, 6.5, 6.4, 6.5, 3.3, 3.8, 4.4, 4.4
SPRINGFIELD,MO, 13995, 37.23, 93.38,   387,   972,Secondary,64, 4, 5.1, 5.4, 5.3, 5.0, 3.0, 6.7, 7.0, 6.9, 6.6, 7.0, 3.2, 4.2, 4.4, 4.4
SPRINGFIELD,MO, 13995, 37.23, 93.38,   387,   972,Secondary,64, 5, 5.9, 5.9, 5.6, 4.9, 2.5, 7.6, 7.7, 7.5, 7.0, 7.8, 3.5, 4.7, 4.5, 4.8
SPRINGFIELD,MO, 13995, 37.23, 93.38,   387,   972,Secondary,64, 6, 6.2, 6.0, 5.5, 4.8, 2.3, 8.1, 8.1, 7.7, 7.2, 8.2, 3.7, 5.0, 4.7, 5.1
SPRINGFIELD,MO, 13995, 37.23, 93.38,   387,   972,Secondary,64, 7, 6.6, 6.6, 6.1, 5.3, 2.5, 8.8, 8.8, 8.5, 7.9, 8.9, 4.4, 5.8, 5.6, 6.0
SPRINGFIELD,MO, 13995, 37.23, 93.38,   387,   972,Secondary,64, 8, 5.6, 5.8, 5.6, 5.1, 2.8, 7.3, 7.6, 7.4, 7.0, 7.6, 3.5, 4.6, 4.7, 4.8
SPRINGFIELD,MO, 13995, 37.23, 93.38,   387,   972,Secondary,64, 9, 4.7, 5.4, 5.5, 5.2, 3.5, 6.5, 7.0, 7.0, 6.9, 7.1, 3.5, 4.3, 4.8, 4.8
SPRINGFIELD,MO, 13995, 37.23, 93.38,   387,   972,Secondary,64,10, 4.1, 5.3, 5.8, 5.8, 4.6, 6.0, 6.9, 7.3, 7.3, 7.3, 4.4, 4.5, 5.6, 5.6
SPRINGFIELD,MO, 13995, 37.23, 93.38,   387,   972,Secondary,64,11, 2.5, 3.5, 4.0, 4.2, 3.7, 3.6, 4.4, 4.8, 4.9, 4.9, 3.0, 2.4, 3.4, 3.6
SPRINGFIELD,MO, 13995, 37.23, 93.38,   387,   972,Secondary,64,12, 2.0, 2.9, 3.3, 3.5, 3.2, 2.7, 3.4, 3.8, 3.9, 4.0, 2.4, 1.7, 2.5, 2.7
SPRINGFIELD,MO, 13995, 37.23, 93.38,   387,   972,Secondary,65, 1, 2.2, 3.0, 3.4, 3.6, 3.2, 3.0, 3.7, 4.0, 4.1, 4.2, 2.4, 1.8, 2.6, 2.8
SPRINGFIELD,MO, 13995, 37.23, 93.38,   387,   972,Secondary,65, 2, 3.3, 4.4, 4.8, 5.0, 4.2, 4.8, 5.6, 5.9, 6.0, 6.0, 3.3, 3.2, 4.1, 4.2
SPRINGFIELD,MO, 13995, 37.23, 93.38,   387,   972,Secondary,65, 3, 3.8, 4.3, 4.4, 4.3, 3.2, 4.9, 5.3, 5.4, 5.3, 5.4, 2.2, 2.6, 3.0, 3.0
SPRINGFIELD,MO, 13995, 37.23, 93.38,   387,   972,Secondary,65, 4, 5.7, 6.1, 6.0, 5.6, 3.3, 7.5, 7.9, 7.8, 7.5, 7.9, 3.9, 5.0, 5.2, 5.3
SPRINGFIELD,MO, 13995, 37.23, 93.38,   387,   972,Secondary,65, 5, 6.2, 6.3, 5.9, 5.2, 2.7, 8.1, 8.2, 7.9, 7.5, 8.3, 3.8, 5.1, 4.9, 5.2
SPRINGFIELD,MO, 13995, 37.23, 93.38,   387,   972,Secondary,65, 6, 6.4, 6.3, 5.8, 5.0, 2.3, 8.3, 8.2, 7.9, 7.3, 8.4, 3.9, 5.1, 4.8, 5.2
SPRINGFIELD,MO, 13995, 37.23, 93.38,   387,   972,Secondary,65, 7, 6.3, 6.2, 5.7, 5.0, 2.5, 8.1, 8.1, 7.8, 7.3, 8.3, 3.7, 5.0, 4.8, 5.1
SPRINGFIELD,MO, 13995, 37.23, 93.38,   387,   972,Secondary,65, 8, 6.0, 6.3, 6.1, 5.5, 3.0, 8.0, 8.2, 8.1, 7.7, 8.3, 4.0, 5.2, 5.2, 5.4
SPRINGFIELD,MO, 13995, 37.23, 93.38,   387,   972,Secondary,65, 9, 4.7, 5.4, 5.4, 5.2, 3.5, 6.4, 6.9, 7.0, 6.8, 7.0, 3.4, 4.2, 4.6, 4.6
SPRINGFIELD,MO, 13995, 37.23, 93.38,   387,   972,Secondary,65,10, 3.9, 5.0, 5.4, 5.5, 4.4, 5.6, 6.4, 6.7, 6.8, 6.8, 3.9, 3.9, 4.9, 4.9
SPRINGFIELD,MO, 13995, 37.23, 93.38,   387,   972,Secondary,65,11, 2.5, 3.4, 3.8, 4.0, 3.5, 3.5, 4.2, 4.5, 4.6, 4.7, 2.6, 2.1, 3.0, 3.2
SPRINGFIELD,MO, 13995, 37.23, 93.38,   387,   972,Secondary,65,12, 2.0, 2.8, 3.1, 3.3, 3.0, 2.7, 3.3, 3.5, 3.7, 3.8, 2.1, 1.5, 2.2, 2.4
SPRINGFIELD,MO, 13995, 37.23, 93.38,   387,   972,Secondary,66, 1, 2.4, 3.4, 3.9, 4.1, 3.7, 3.4, 4.2, 4.5, 4.7, 4.8, 2.9, 2.2, 3.2, 3.4
SPRINGFIELD,MO, 13995, 37.23, 93.38,   387,   972,Secondary,66, 2, 3.1, 4.0, 4.4, 4.5, 3.8, 4.3, 5.0, 5.3, 5.4, 5.4, 2.9, 2.7, 3.5, 3.6
SPRINGFIELD,MO, 13995, 37.23, 93.38,   387,   972,Secondary,66, 3, 4.4, 5.2, 5.4, 5.3, 3.8, 6.2, 6.8, 7.0, 6.9, 7.0, 3.5, 4.2, 4.8, 4.9
SPRINGFIELD,MO, 13995, 37.23, 93.38,   387,   972,Secondary,66, 4, 4.8, 5.1, 5.0, 4.6, 2.8, 6.0, 6.3, 6.2, 5.9, 6.3, 2.6, 3.3, 3.5, 3.5
SPRINGFIELD,MO, 13995, 37.23, 93.38,   387,   972,Secondary,66, 5, 6.4, 6.4, 6.0, 5.3, 2.7, 8.6, 8.6, 8.4, 7.9, 8.7, 4.3, 5.8, 5.6, 5.9
SPRINGFIELD,MO, 13995, 37.23, 93.38,   387,   972,Secondary,66, 6, 6.6, 6.4, 5.9, 5.1, 2.4, 8.6, 8.6, 8.2, 7.7, 8.8, 4.3, 5.6, 5.3, 5.7
SPRINGFIELD,MO, 13995, 37.23, 93.38,   387,   972,Secondary,66, 7, 6.6, 6.5, 6.1, 5.3, 2.5, 8.9, 8.9, 8.6, 8.0, 9.0, 4.4, 5.9, 5.6, 6.0
SPRINGFIELD,MO, 13995, 37.23, 93.38,   387,   972,Secondary,66, 8, 5.6, 5.8, 5.6, 5.1, 2.9, 7.3, 7.6, 7.4, 7.1, 7.6, 3.3, 4.4, 4.5, 4.6
SPRINGFIELD,MO, 13995, 37.23, 93.38,   387,   972,Secondary,66, 9, 4.7, 5.3, 5.3, 5.1, 3.4, 6.2, 6.7, 6.8, 6.6, 6.8, 3.2, 3.9, 4.3, 4.3
SPRINGFIELD,MO, 13995, 37.23, 93.38,   387,   972,Secondary,66,10, 4.1, 5.3, 5.8, 5.9, 4.7, 6.0, 6.9, 7.3, 7.3, 7.3, 4.4, 4.5, 5.6, 5.6
SPRINGFIELD,MO, 13995, 37.23, 93.38,   387,   972,Secondary,66,11, 2.6, 3.5, 4.0, 4.2, 3.7, 3.6, 4.3, 4.7, 4.8, 4.9, 2.8, 2.3, 3.2, 3.4
SPRINGFIELD,MO, 13995, 37.23, 93.38,   387,   972,Secondary,66,12, 2.2, 3.2, 3.6, 3.9, 3.7, 3.1, 3.8, 4.2, 4.5, 4.6, 2.7, 1.9, 2.8, 3.1
SPRINGFIELD,MO, 13995, 37.23, 93.38,   387,   972,Secondary,67, 1, 2.7, 4.0, 4.6, 4.9, 4.5, 3.9, 4.9, 5.4, 5.7, 5.8, 3.7, 2.8, 4.1, 4.3
SPRINGFIELD,MO, 13995, 37.23, 93.38,   387,   972,Secondary,67, 2, 3.4, 4.5, 4.9, 5.1, 4.2, 4.9, 5.7, 6.1, 6.2, 6.2, 3.6, 3.4, 4.4, 4.5
SPRINGFIELD,MO, 13995, 37.23, 93.38,   387,   972,Secondary,67, 3, 4.0, 4.6, 4.8, 4.7, 3.4, 5.2, 5.7, 5.9, 5.8, 5.9, 2.7, 3.1, 3.6, 3.6
SPRINGFIELD,MO, 13995, 37.23, 93.38,   387,   972,Secondary,67, 4, 5.0, 5.3, 5.2, 4.8, 2.9, 6.4, 6.7, 6.6, 6.3, 6.7, 3.0, 3.8, 4.0, 4.1
SPRINGFIELD,MO, 13995, 37.23, 93.38,   387,   972,Secondary,67, 5, 5.9, 5.9, 5.6, 4.9, 2.5, 7.6, 7.7, 7.5, 7.0, 7.8, 3.5, 4.7, 4.6, 4.8
SPRINGFIELD,MO, 13995, 37.23, 93.38,   387,   972,Secondary,67, 6, 5.8, 5.7, 5.2, 4.6, 2.3, 7.3, 7.2, 6.9, 6.4, 7.4, 3.0, 4.0, 3.7, 4.0
SPRINGFIELD,MO, 13995, 37.23, 93.38,   387,   972,Secondary,67, 7, 6.4, 6.3, 5.8, 5.1, 2.5, 8.3, 8.4, 8.1, 7.5, 8.5, 4.0, 5.3, 5.1, 5.4
SPRINGFIELD,MO, 13995, 37.23, 93.38,   387,   972,Secondary,67, 8, 6.1, 6.3, 6.1, 5.6, 3.1, 8.2, 8.5, 8.3, 7.9, 8.5, 4.2, 5.6, 5.6, 5.8
SPRINGFIELD,MO, 13995, 37.23, 93.38,   387,   972,Secondary,67, 9, 4.4, 4.9, 5.0, 4.8, 3.3, 5.8, 6.3, 6.3, 6.2, 6.4, 2.9, 3.5, 3.9, 4.0
SPRINGFIELD,MO, 13995, 37.23, 93.38,   387,   972,Secondary,67,10, 3.5, 4.3, 4.7, 4.7, 3.7, 4.9, 5.5, 5.7, 5.8, 5.8, 3.0, 3.2, 3.9, 3.9
SPRINGFIELD,MO, 13995, 37.23, 93.38,   387,   972,Secondary,67,11, 2.6, 3.7, 4.1, 4.3, 3.8, 3.8, 4.5, 4.9, 5.1, 5.1, 3.0, 2.5, 3.4, 3.6
SPRINGFIELD,MO, 13995, 37.23, 93.38,   387,   972,Secondary,67,12, 1.8, 2.5, 2.8, 2.9, 2.6, 2.4, 2.9, 3.1, 3.3, 3.3, 1.7, 1.2, 1.9, 2.0
SPRINGFIELD,MO, 13995, 37.23, 93.38,   387,   972,Secondary,68, 1, 2.0, 2.7, 2.9, 3.1, 2.7, 2.6, 3.1, 3.3, 3.4, 3.4, 1.7, 1.3, 1.8, 1.9
SPRINGFIELD,MO, 13995, 37.23, 93.38,   387,   972,Secondary,68, 2, 3.2, 4.1, 4.4, 4.6, 3.8, 4.3, 5.0, 5.3, 5.4, 5.4, 2.9, 2.6, 3.5, 3.5
SPRINGFIELD,MO, 13995, 37.23, 93.38,   387,   972,Secondary,68, 3, 4.3, 5.1, 5.3, 5.2, 3.8, 5.9, 6.5, 6.6, 6.6, 6.7, 3.2, 3.7, 4.3, 4.3
SPRINGFIELD,MO, 13995, 37.23, 93.38,   387,   972,Secondary,68, 4, 5.4, 5.8, 5.7, 5.3, 3.2, 7.2, 7.5, 7.5, 7.2, 7.6, 3.7, 4.7, 4.9, 5.0
SPRINGFIELD,MO, 13995, 37.23, 93.38,   387,   972,Secondary,68, 5, 5.6, 5.6, 5.3, 4.7, 2.5, 6.9, 7.0, 6.8, 6.4, 7.1, 2.9, 3.8, 3.8, 4.0
SPRINGFIELD,MO, 13995, 37.23, 93.38,   387,   972,Secondary,68, 6, 6.9, 6.7, 6.2, 5.3, 2.4, 8.9, 8.9, 8.5, 7.9, 9.1, 4.6, 6.0, 5.6, 6.1
SPRINGFIELD,MO, 13995, 37.23, 93.38,   387,   972,Secondary,68, 7, 6.4, 6.3, 5.9, 5.1, 2.5, 8.4, 8.4, 8.1, 7.6, 8.6, 4.1, 5.4, 5.1, 5.5
SPRINGFIELD,MO, 13995, 37.23, 93.38,   387,   972,Secondary,68, 8, 5.4, 5.7, 5.4, 4.9, 2.8, 7.0, 7.2, 7.0, 6.7, 7.2, 3.1, 4.1, 4.1, 4.2
SPRINGFIELD,MO, 13995, 37.23, 93.38,   387,   972,Secondary,68, 9, 5.1, 5.8, 5.9, 5.7, 3.8, 7.1, 7.7, 7.7, 7.6, 7.7, 4.0, 5.0, 5.5, 5.6
SPRINGFIELD,MO, 13995, 37.23, 93.38,   387,   972,Secondary,68,10, 3.9, 5.0, 5.4, 5.5, 4.4, 5.7, 6.5, 6.8, 6.9, 6.9, 3.9, 4.0, 4.9, 5.0
SPRINGFIELD,MO, 13995, 37.23, 93.38,   387,   972,Secondary,68,11, 2.1, 2.6, 2.8, 2.9, 2.4, 2.6, 3.0, 3.2, 3.2, 3.2, 1.4, 1.2, 1.6, 1.7
SPRINGFIELD,MO, 13995, 37.23, 93.38,   387,   972,Secondary,68,12, 2.1, 3.0, 3.5, 3.7, 3.4, 3.0, 3.7, 4.0, 4.2, 4.3, 2.5, 1.8, 2.7, 2.9
SPRINGFIELD,MO, 13995, 37.23, 93.38,   387,   972,Secondary,69, 1, 2.1, 2.8, 3.1, 3.3, 2.9, 2.7, 3.3, 3.5, 3.7, 3.7, 2.0, 1.5, 2.2, 2.3
SPRINGFIELD,MO, 13995, 37.23, 93.38,   387,   972,Secondary,69, 2, 2.9, 3.6, 3.9, 4.0, 3.4, 3.8, 4.4, 4.6, 4.7, 4.7, 2.3, 2.1, 2.7, 2.8
SPRINGFIELD,MO, 13995, 37.23, 93.38,   387,   972,Secondary,69, 3, 4.3, 5.1, 5.3, 5.2, 3.8, 5.8, 6.4, 6.6, 6.5, 6.6, 3.3, 3.8, 4.4, 4.4
SPRINGFIELD,MO, 13995, 37.23, 93.38,   387,   972,Secondary,69, 4, 5.6, 5.9, 5.8, 5.4, 3.2, 7.5, 7.9, 7.8, 7.5, 7.9, 3.8, 5.1, 5.3, 5.4
SPRINGFIELD,MO, 13995, 37.23, 93.38,   387,   972,Secondary,69, 5, 5.9, 5.9, 5.6, 4.9, 2.5, 7.7, 7.7, 7.5, 7.1, 7.8, 3.4, 4.6, 4.5, 4.8
SPRINGFIELD,MO, 13995, 37.23, 93.38,   387,   972,Secondary,69, 6, 6.4, 6.3, 5.8, 5.0, 2.3, 8.3, 8.3, 7.9, 7.4, 8.4, 4.0, 5.3, 5.0, 5.4
SPRINGFIELD,MO, 13995, 37.23, 93.38,   387,   972,Secondary,69, 7, 6.8, 6.8, 6.3, 5.4, 2.5, 9.1, 9.1, 8.8, 8.3, 9.3, 4.7, 6.2, 5.9, 6.3
SPRINGFIELD,MO, 13995, 37.23, 93.38,   387,   972,Secondary,69, 8, 6.2, 6.4, 6.2, 5.6, 3.1, 8.4, 8.7, 8.6, 8.2, 8.8, 4.4, 5.9, 5.9, 6.1
SPRINGFIELD,MO, 13995, 37.23, 93.38,   387,   972,Secondary,69, 9, 4.8, 5.5, 5.6, 5.4, 3.7, 6.7, 7.3, 7.3, 7.2, 7.4, 3.6, 4.5, 5.0, 5.0
SPRINGFIELD,MO, 13995, 37.23, 93.38,   387,   972,Secondary,69,10, 3.5, 4.3, 4.6, 4.6, 3.6, 4.8, 5.4, 5.6, 5.6, 5.7, 2.9, 3.0, 3.7, 3.7
SPRINGFIELD,MO, 13995, 37.23, 93.38,   387,   972,Secondary,69,11, 2.7, 3.8, 4.3, 4.5, 4.0, 3.9, 4.7, 5.1, 5.3, 5.4, 3.2, 2.7, 3.7, 3.9
SPRINGFIELD,MO, 13995, 37.23, 93.38,   387,   972,Secondary,69,12, 1.8, 2.4, 2.7, 2.8, 2.5, 2.4, 2.8, 3.0, 3.2, 3.2, 1.5, 1.1, 1.7, 1.8
SPRINGFIELD,MO, 13995, 37.23, 93.38,   387,   972,Secondary,70, 1, 2.5, 3.6, 4.2, 4.5, 4.2, 3.6, 4.4, 4.9, 5.1, 5.2, 2.9, 2.2, 3.2, 3.4
SPRINGFIELD,MO, 13995, 37.23, 93.38,   387,   972,Secondary,70, 2, 3.1, 4.0, 4.3, 4.4, 3.6, 4.3, 5.0, 5.3, 5.3, 5.4, 3.0, 2.8, 3.6, 3.7
SPRINGFIELD,MO, 13995, 37.23, 93.38,   387,   972,Secondary,70, 3, 3.7, 4.2, 4.3, 4.2, 3.2, 4.6, 5.0, 5.1, 5.0, 5.1, 1.9, 2.1, 2.5, 2.5
SPRINGFIELD,MO, 13995, 37.23, 93.38,   387,   972,Secondary,70, 4, 5.1, 5.4, 5.3, 4.9, 3.0, 6.6, 6.9, 6.8, 6.5, 6.9, 3.1, 4.0, 4.3, 4.3
SPRINGFIELD,MO, 13995, 37.23, 93.38,   387,   972,Secondary,70, 5, 6.4, 6.4, 6.0, 5.3, 2.7, 8.5, 8.6, 8.4, 7.9, 8.8, 4.3, 5.7, 5.6, 5.9
SPRINGFIELD,MO, 13995, 37.23, 93.38,   387,   972,Secondary,70, 6, 6.6, 6.5, 6.0, 5.2, 2.4, 8.6, 8.5, 8.2, 7.6, 8.7, 4.2, 5.5, 5.2, 5.6
SPRINGFIELD,MO, 13995, 37.23, 93.38,   387,   972,Secondary,70, 7, 7.0, 6.9, 6.3, 5.5, 2.5, 9.5, 9.5, 9.2, 8.6, 9.7, 5.0, 6.7, 6.4, 6.9
SPRINGFIELD,MO, 13995, 37.23, 93.38,   387,   972,Secondary,70, 8, 6.2, 6.5, 6.3, 5.7, 3.1, 8.4, 8.7, 8.5, 8.1, 8.7, 4.4, 5.8, 5.9, 6.0
SPRINGFIELD,MO, 13995, 37.23, 93.38,   387,   972,Secondary,70, 9, 4.8, 5.5, 5.6, 5.4, 3.6, 6.6, 7.1, 7.2, 7.0, 7.2, 3.6, 4.3, 4.8, 4.8
SPRINGFIELD,MO, 13995, 37.23, 93.38,   387,   972,Secondary,70,10, 3.3, 4.0, 4.2, 4.2, 3.3, 4.3, 4.9, 5.1, 5.1, 5.1, 2.5, 2.6, 3.2, 3.2
SPRINGFIELD,MO, 13995, 37.23, 93.38,   387,   972,Secondary,70,11, 2.4, 3.2, 3.6, 3.7, 3.2, 3.3, 3.9, 4.2, 4.3, 4.4, 2.4, 2.0, 2.8, 2.9
SPRINGFIELD,MO, 13995, 37.23, 93.38,   387,   972,Secondary,70,12, 2.2, 3.3, 3.8, 4.1, 3.8, 3.2, 4.0, 4.4, 4.7, 4.7, 3.0, 2.1, 3.2, 3.5
SPRINGFIELD,MO, 13995, 37.23, 93.38,   387,   972,Secondary,71, 1, 2.4, 3.4, 3.9, 4.1, 3.7, 3.4, 4.2, 4.5, 4.8, 4.8, 3.0, 2.3, 3.3, 3.5
SPRINGFIELD,MO, 13995, 37.23, 93.38,   387,   972,Secondary,71, 2, 3.0, 3.9, 4.2, 4.3, 3.6, 4.1, 4.7, 5.0, 5.1, 5.1, 2.6, 2.4, 3.2, 3.2
SPRINGFIELD,MO, 13995, 37.23, 93.38,   387,   972,Secondary,71, 3, 4.6, 5.5, 5.7, 5.6, 4.1, 6.5, 7.1, 7.3, 7.2, 7.3, 3.9, 4.5, 5.2, 5.2
SPRINGFIELD,MO, 13995, 37.23, 93.38,   387,   972,Secondary,71, 4, 5.7, 6.1, 6.0, 5.6, 3.3, 7.7, 8.1, 8.1, 7.7, 8.1, 4.0, 5.3, 5.5, 5.6
SPRINGFIELD,MO, 13995, 37.23, 93.38,   387,   972,Secondary,71, 5, 6.1, 6.1, 5.7, 5.0, 2.5, 8.1, 8.2, 7.9, 7.5, 8.3, 3.9, 5.3, 5.2, 5.4
SPRINGFIELD,MO, 13995, 37.23, 93.38,   387,   972,Secondary,71, 6, 6.9, 6.8, 6.2, 5.4, 2.4, 9.2, 9.1, 8.8, 8.2, 9.3, 4.7, 6.1, 5.8, 6.3
SPRINGFIELD,MO, 13995, 37.23, 93.38,   387,   972,Secondary,71, 7, 6.3, 6.2, 5.7, 5.0, 2.4, 8.2, 8.2, 7.9, 7.4, 8.3, 3.9, 5.2, 4.9, 5.3
SPRINGFIELD,MO, 13995, 37.23, 93.38,   387,   972,Secondary,71, 8, 6.4, 6.8, 6.5, 5.9, 3.3, 8.8, 9.2, 9.0, 8.6, 9.2, 4.8, 6.4, 6.5, 6.7
SPRINGFIELD,MO, 13995, 37.23, 93.38,   387,   972,Secondary,71, 9, 4.9, 5.6, 5.6, 5.4, 3.6, 6.8, 7.3, 7.4, 7.2, 7.4, 3.6, 4.6, 5.0, 5.1
SPRINGFIELD,MO, 13995, 37.23, 93.38,   387,   972,Secondary,71,10, 3.7, 4.6, 4.9, 4.9, 3.9, 5.2, 5.8, 6.1, 6.1, 6.1, 3.3, 3.5, 4.2, 4.3
SPRINGFIELD,MO, 13995, 37.23, 93.38,   387,   972,Secondary,71,11, 2.6, 3.7, 4.1, 4.3, 3.7, 3.8, 4.5, 4.9, 5.1, 5.1, 3.0, 2.5, 3.4, 3.6
SPRINGFIELD,MO, 13995, 37.23, 93.38,   387,   972,Secondary,71,12, 1.9, 2.5, 2.8, 2.9, 2.6, 2.3, 2.8, 3.1, 3.2, 3.2, 1.7, 1.2, 1.8, 2.0
SPRINGFIELD,MO, 13995, 37.23, 93.38,   387,   972,Secondary,72, 1, 2.3, 3.3, 3.8, 4.0, 3.6, 3.3, 4.0, 4.4, 4.6, 4.6, 2.8, 2.1, 3.1, 3.3
SPRINGFIELD,MO, 13995, 37.23, 93.38,   387,   972,Secondary,72, 2, 3.0, 3.9, 4.2, 4.3, 3.5, 4.2, 4.8, 5.0, 5.1, 5.1, 2.7, 2.5, 3.3, 3.3
SPRINGFIELD,MO, 13995, 37.23, 93.38,   387,   972,Secondary,72, 3, 4.3, 5.0, 5.2, 5.1, 3.7, 5.8, 6.4, 6.6, 6.5, 6.6, 3.2, 3.8, 4.4, 4.4
SPRINGFIELD,MO, 13995, 37.23, 93.38,   387,   972,Secondary,72, 4, 5.2, 5.5, 5.4, 5.0, 3.0, 6.7, 7.0, 7.0, 6.7, 7.1, 3.1, 4.1, 4.3, 4.3
SPRINGFIELD,MO, 13995, 37.23, 93.38,   387,   972,Secondary,72, 5, 6.0, 6.0, 5.7, 5.0, 2.5, 7.7, 7.8, 7.5, 7.1, 7.9, 3.7, 4.8, 4.7, 4.9
SPRINGFIELD,MO, 13995, 37.23, 93.38,   387,   972,Secondary,72, 6, 7.0, 6.8, 6.2, 5.4, 2.4, 9.3, 9.3, 8.9, 8.3, 9.5, 4.8, 6.4, 6.0, 6.5
SPRINGFIELD,MO, 13995, 37.23, 93.38,   387,   972,Secondary,72, 7, 6.4, 6.3, 5.8, 5.1, 2.5, 8.3, 8.3, 8.0, 7.5, 8.4, 4.0, 5.3, 5.0, 5.4
SPRINGFIELD,MO, 13995, 37.23, 93.38,   387,   972,Secondary,72, 8, 5.8, 6.1, 5.9, 5.4, 3.0, 7.9, 8.2, 8.0, 7.7, 8.2, 3.8, 5.2, 5.2, 5.4
SPRINGFIELD,MO, 13995, 37.23, 93.38,   387,   972,Secondary,72, 9, 4.2, 4.6, 4.6, 4.4, 3.0, 5.4, 5.8, 5.8, 5.6, 5.8, 2.4, 3.1, 3.4, 3.4
SPRINGFIELD,MO, 13995, 37.23, 93.38,   387,   972,Secondary,72,10, 3.2, 3.7, 3.9, 3.9, 2.9, 4.1, 4.5, 4.6, 4.6, 4.7, 2.1, 2.3, 2.7, 2.8
SPRINGFIELD,MO, 13995, 37.23, 93.38,   387,   972,Secondary,72,11, 2.2, 2.8, 3.0, 3.1, 2.6, 2.8, 3.2, 3.4, 3.5, 3.5, 1.6, 1.3, 1.8, 1.9
SPRINGFIELD,MO, 13995, 37.23, 93.38,   387,   972,Secondary,72,12, 2.0, 2.8, 3.2, 3.5, 3.2, 2.8, 3.4, 3.7, 3.9, 4.0, 2.3, 1.6, 2.5, 2.7
SPRINGFIELD,MO, 13995, 37.23, 93.38,   387,   972,Secondary,73, 1, 2.3, 3.1, 3.5, 3.7, 3.4, 3.1, 3.7, 4.1, 4.3, 4.3, 2.4, 1.8, 2.6, 2.8
SPRINGFIELD,MO, 13995, 37.23, 93.38,   387,   972,Secondary,73, 2, 2.9, 3.7, 4.1, 4.1, 3.4, 4.1, 4.6, 4.9, 4.9, 5.0, 2.6, 2.5, 3.2, 3.3
SPRINGFIELD,MO, 13995, 37.23, 93.38,   387,   972,Secondary,73, 3, 3.4, 3.9, 3.9, 3.8, 2.7, 4.3, 4.7, 4.7, 4.6, 4.8, 2.0, 2.3, 2.7, 2.7
SPRINGFIELD,MO, 13995, 37.23, 93.38,   387,   972,Secondary,73, 4, 4.7, 4.9, 4.8, 4.4, 2.7, 6.0, 6.3, 6.2, 5.9, 6.3, 2.7, 3.6, 3.8, 3.8
SPRINGFIELD,MO, 13995, 37.23, 93.38,   387,   972,Secondary,73, 5, 6.1, 6.1, 5.7, 5.1, 2.5, 8.1, 8.2, 7.9, 7.5, 8.3, 4.0, 5.4, 5.3, 5.5
SPRINGFIELD,MO, 13995, 37.23, 93.38,   387,   972,Secondary,73, 6, 6.6, 6.4, 5.9, 5.1, 2.3, 8.6, 8.6, 8.2, 7.7, 8.8, 4.3, 5.7, 5.4, 5.8
SPRINGFIELD,MO, 13995, 37.23, 93.38,   387,   972,Secondary,73, 7, 6.4, 6.3, 5.8, 5.1, 2.4, 8.3, 8.3, 8.0, 7.5, 8.5, 4.2, 5.5, 5.2, 5.6
SPRINGFIELD,MO, 13995, 37.23, 93.38,   387,   972,Secondary,73, 8, 6.6, 7.0, 6.7, 6.1, 3.3, 9.4, 9.7, 9.5, 9.1, 9.7, 5.2, 6.9, 7.0, 7.2
SPRINGFIELD,MO, 13995, 37.23, 93.38,   387,   972,Secondary,73, 9, 3.8, 4.1, 4.1, 3.9, 2.6, 4.8, 5.1, 5.1, 4.9, 5.1, 1.9, 2.5, 2.7, 2.7
SPRINGFIELD,MO, 13995, 37.23, 93.38,   387,   972,Secondary,73,10, 3.8, 4.9, 5.3, 5.4, 4.3, 5.5, 6.3, 6.6, 6.7, 6.7, 3.8, 3.9, 4.8, 4.8
SPRINGFIELD,MO, 13995, 37.23, 93.38,   387,   972,Secondary,73,11, 2.4, 3.2, 3.6, 3.7, 3.3, 3.3, 3.9, 4.2, 4.3, 4.3, 2.5, 2.0, 2.8, 3.0
SPRINGFIELD,MO, 13995, 37.23, 93.38,   387,   972,Secondary,73,12, 2.0, 2.8, 3.2, 3.4, 3.1, 2.7, 3.3, 3.6, 3.8, 3.9, 2.2, 1.6, 2.3, 2.5
SPRINGFIELD,MO, 13995, 37.23, 93.38,   387,   972,Secondary,74, 1, 2.1, 2.9, 3.3, 3.5, 3.2, 3.0, 3.5, 3.8, 4.0, 4.0, 2.2, 1.7, 2.4, 2.6
SPRINGFIELD,MO, 13995, 37.23, 93.38,   387,   972,Secondary,74, 2, 3.3, 4.3, 4.7, 4.8, 4.0, 4.5, 5.3, 5.6, 5.7, 5.7, 3.3, 3.0, 4.0, 4.1
SPRINGFIELD,MO, 13995, 37.23, 93.38,   387,   972,Secondary,74, 3, 4.0, 4.6, 4.8, 4.7, 3.4, 5.3, 5.8, 5.9, 5.8, 5.9, 2.7, 3.2, 3.6, 3.6
SPRINGFIELD,MO, 13995, 37.23, 93.38,   387,   972,Secondary,74, 4, 5.3, 5.7, 5.5, 5.2, 3.1, 7.0, 7.3, 7.3, 7.0, 7.4, 3.4, 4.5, 4.7, 4.8
SPRINGFIELD,MO, 13995, 37.23, 93.38,   387,   972,Secondary,74, 5, 5.5, 5.4, 5.1, 4.5, 2.4, 7.0, 7.1, 6.8, 6.4, 7.1, 3.2, 4.3, 4.1, 4.4
SPRINGFIELD,MO, 13995, 37.23, 93.38,   387,   972,Secondary,74, 6, 6.5, 6.3, 5.8, 5.0, 2.3, 8.6, 8.5, 8.2, 7.6, 8.7, 4.2, 5.7, 5.3, 5.8
SPRINGFIELD,MO, 13995, 37.23, 93.38,   387,   972,Secondary,74, 7, 7.5, 7.4, 6.8, 5.9, 2.7,10.3,10.3,10.0, 9.3,10.5, 5.8, 7.8, 7.4, 7.9
SPRINGFIELD,MO, 13995, 37.23, 93.38,   387,   972,Secondary,74, 8, 5.3, 5.4, 5.2, 4.7, 2.6, 6.7, 6.9, 6.8, 6.4, 6.9, 3.2, 4.1, 4.2, 4.3
SPRINGFIELD,MO, 13995, 37.23, 93.38,   387,   972,Secondary,74, 9, 4.3, 4.8, 4.8, 4.6, 3.1, 5.6, 6.0, 6.1, 5.9, 6.1, 2.7, 3.4, 3.7, 3.7
SPRINGFIELD,MO, 13995, 37.23, 93.38,   387,   972,Secondary,74,10, 3.7, 4.7, 5.0, 5.1, 4.0, 5.2, 5.9, 6.2, 6.2, 6.2, 3.6, 3.7, 4.5, 4.6
SPRINGFIELD,MO, 13995, 37.23, 93.38,   387,   972,Secondary,74,11, 2.4, 3.2, 3.6, 3.8, 3.3, 3.3, 3.9, 4.2, 4.4, 4.4, 2.6, 2.1, 2.9, 3.1
SPRINGFIELD,MO, 13995, 37.23, 93.38,   387,   972,Secondary,74,12, 1.8, 2.5, 2.8, 2.9, 2.7, 2.4, 2.9, 3.1, 3.3, 3.3, 1.8, 1.3, 1.9, 2.1
SPRINGFIELD,MO, 13995, 37.23, 93.38,   387,   972,Secondary,75, 1, 2.3, 3.4, 3.9, 4.2, 3.8, 3.4, 4.2, 4.6, 4.8, 4.9, 3.0, 2.3, 3.3, 3.5
SPRINGFIELD,MO, 13995, 37.23, 93.38,   387,   972,Secondary,75, 2, 2.9, 3.6, 3.8, 3.9, 3.3, 3.8, 4.3, 4.5, 4.6, 4.6, 2.2, 2.1, 2.7, 2.7
SPRINGFIELD,MO, 13995, 37.23, 93.38,   387,   972,Secondary,75, 3, 4.1, 4.8, 4.9, 4.9, 3.6, 5.6, 6.1, 6.2, 6.2, 6.2, 2.9, 3.4, 3.9, 3.9
SPRINGFIELD,MO, 13995, 37.23, 93.38,   387,   972,Secondary,75, 4, 5.6, 6.0, 5.9, 5.4, 3.3, 7.5, 7.9, 7.8, 7.5, 7.9, 3.9, 5.1, 5.4, 5.4
SPRINGFIELD,MO, 13995, 37.23, 93.38,   387,   972,Secondary,75, 5, 6.4, 6.5, 6.1, 5.4, 2.7, 8.5, 8.6, 8.4, 7.9, 8.7, 4.4, 5.8, 5.6, 5.9
SPRINGFIELD,MO, 13995, 37.23, 93.38,   387,   972,Secondary,75, 6, 6.7, 6.5, 6.0, 5.2, 2.4, 8.7, 8.6, 8.3, 7.7, 8.8, 4.4, 5.7, 5.3, 5.8
SPRINGFIELD,MO, 13995, 37.23, 93.38,   387,   972,Secondary,75, 7, 6.8, 6.8, 6.3, 5.5, 2.6, 9.0, 9.1, 8.8, 8.2, 9.2, 4.7, 6.1, 5.8, 6.3
SPRINGFIELD,MO, 13995, 37.23, 93.38,   387,   972,Secondary,75, 8, 5.7, 5.9, 5.6, 5.1, 2.8, 7.6, 7.8, 7.7, 7.3, 7.9, 3.6, 4.9, 5.0, 5.1
SPRINGFIELD,MO, 13995, 37.23, 93.38,   387,   972,Secondary,75, 9, 4.7, 5.3, 5.4, 5.2, 3.5, 6.4, 6.9, 7.0, 6.8, 7.0, 3.5, 4.3, 4.8, 4.8
SPRINGFIELD,MO, 13995, 37.23, 93.38,   387,   972,Secondary,75,10, 4.2, 5.4, 5.8, 5.9, 4.7, 6.2, 7.1, 7.4, 7.5, 7.5, 4.5, 4.7, 5.7, 5.8
SPRINGFIELD,MO, 13995, 37.23, 93.38,   387,   972,Secondary,75,11, 2.6, 3.6, 4.0, 4.2, 3.7, 3.8, 4.5, 4.8, 5.0, 5.0, 2.9, 2.4, 3.3, 3.5
SPRINGFIELD,MO, 13995, 37.23, 93.38,   387,   972,Secondary,75,12, 1.9, 2.6, 3.0, 3.2, 2.9, 2.6, 3.2, 3.5, 3.6, 3.7, 2.1, 1.5, 2.3, 2.5
SPRINGFIELD,MO, 13995, 37.23, 93.38,   387,   972,Secondary,76, 1, 2.6, 3.9, 4.5, 4.8, 4.4, 4.0, 4.9, 5.4, 5.7, 5.7, 3.8, 3.0, 4.2, 4.5
SPRINGFIELD,MO, 13995, 37.23, 93.38,   387,   972,Secondary,76, 2, 3.2, 4.1, 4.4, 4.5, 3.7, 4.4, 5.1, 5.4, 5.4, 5.4, 2.9, 2.8, 3.6, 3.7
SPRINGFIELD,MO, 13995, 37.23, 93.38,   387,   972,Secondary,76, 3, 4.3, 5.0, 5.2, 5.1, 3.7, 5.8, 6.4, 6.6, 6.5, 6.6, 3.3, 3.8, 4.4, 4.4
SPRINGFIELD,MO, 13995, 37.23, 93.38,   387,   972,Secondary,76, 4, 4.9, 5.2, 5.1, 4.8, 3.0, 6.4, 6.7, 6.7, 6.4, 6.8, 3.0, 4.0, 4.2, 4.3
SPRINGFIELD,MO, 13995, 37.23, 93.38,   387,   972,Secondary,76, 5, 5.9, 5.9, 5.5, 4.9, 2.5, 7.8, 7.8, 7.6, 7.2, 7.9, 3.7, 5.0, 4.9, 5.2
SPRINGFIELD,MO, 13995, 37.23, 93.38,   387,   972,Secondary,76, 6, 6.6, 6.4, 5.9, 5.1, 2.3, 8.7, 8.7, 8.3, 7.8, 8.9, 4.3, 5.7, 5.3, 5.8
SPRINGFIELD,MO, 13995, 37.23, 93.38,   387,   972,Secondary,76, 7, 7.0, 6.9, 6.4, 5.6, 2.6, 9.4, 9.5, 9.1, 8.6, 9.6, 5.1, 6.8, 6.4, 6.9
SPRINGFIELD,MO, 13995, 37.23, 93.38,   387,   972,Secondary,76, 8, 6.4, 6.7, 6.5, 5.9, 3.3, 8.6, 8.9, 8.8, 8.4, 9.0, 4.6, 6.1, 6.1, 6.3
SPRINGFIELD,MO, 13995, 37.23, 93.38,   387,   972,Secondary,76, 9, 4.7, 5.3, 5.3, 5.1, 3.4, 6.4, 6.9, 6.9, 6.7, 6.9, 3.3, 4.2, 4.6, 4.6
SPRINGFIELD,MO, 13995, 37.23, 93.38,   387,   972,Secondary,76,10, 3.7, 4.7, 5.0, 5.0, 3.9, 5.2, 5.9, 6.2, 6.2, 6.3, 3.5, 3.7, 4.5, 4.5
SPRINGFIELD,MO, 13995, 37.23, 93.38,   387,   972,Secondary,76,11, 2.8, 4.1, 4.6, 4.9, 4.3, 4.3, 5.2, 5.6, 5.8, 5.8, 3.7, 3.1, 4.3, 4.5
SPRINGFIELD,MO, 13995, 37.23, 93.38,   387,   972,Secondary,76,12, 2.4, 3.8, 4.5, 4.9, 4.6, 3.8, 4.8, 5.3, 5.7, 5.7, 3.8, 2.8, 4.1, 4.5
SPRINGFIELD,MO, 13995, 37.23, 93.38,   387,   972,Secondary,77, 1, 2.6, 3.6, 4.2, 4.5, 4.3, 3.8, 4.6, 5.0, 5.2, 5.3, 2.9, 2.3, 3.3, 3.5
SPRINGFIELD,MO, 13995, 37.23, 93.38,   387,   972,Secondary,77, 2, 3.4, 4.6, 5.1, 5.3, 4.5, 4.9, 5.8, 6.2, 6.4, 6.4, 3.8, 3.5, 4.6, 4.8
SPRINGFIELD,MO, 13995, 37.23, 93.38,   387,   972,Secondary,77, 3, 4.5, 5.3, 5.5, 5.4, 3.9, 6.3, 6.9, 7.1, 7.0, 7.1, 3.8, 4.5, 5.2, 5.2
SPRINGFIELD,MO, 13995, 37.23, 93.38,   387,   972,Secondary,77, 4, 5.4, 5.8, 5.7, 5.3, 3.2, 7.3, 7.6, 7.6, 7.3, 7.7, 3.8, 4.9, 5.2, 5.2
SPRINGFIELD,MO, 13995, 37.23, 93.38,   387,   972,Secondary,77, 5, 5.9, 5.9, 5.5, 4.9, 2.5, 7.7, 7.8, 7.6, 7.1, 7.9, 3.5, 4.7, 4.6, 4.8
SPRINGFIELD,MO, 13995, 37.23, 93.38,   387,   972,Secondary,77, 6, 6.2, 6.0, 5.6, 4.8, 2.3, 8.0, 8.0, 7.7, 7.2, 8.2, 3.9, 5.2, 4.8, 5.3
SPRINGFIELD,MO, 13995, 37.23, 93.38,   387,   972,Secondary,77, 7, 6.5, 6.4, 5.9, 5.2, 2.5, 8.5, 8.5, 8.2, 7.7, 8.7, 4.3, 5.7, 5.4, 5.8
SPRINGFIELD,MO, 13995, 37.23, 93.38,   387,   972,Secondary,77, 8, 5.3, 5.5, 5.3, 4.8, 2.7, 6.9, 7.1, 7.0, 6.6, 7.2, 3.1, 4.1, 4.2, 4.3
SPRINGFIELD,MO, 13995, 37.23, 93.38,   387,   972,Secondary,77, 9, 4.3, 4.7, 4.8, 4.6, 3.1, 5.6, 5.9, 6.0, 5.8, 6.0, 2.6, 3.3, 3.6, 3.6
SPRINGFIELD,MO, 13995, 37.23, 93.38,   387,   972,Secondary,77,10, 3.7, 4.6, 4.9, 5.0, 3.9, 5.1, 5.9, 6.1, 6.2, 6.2, 3.5, 3.6, 4.4, 4.5
SPRINGFIELD,MO, 13995, 37.23, 93.38,   387,   972,Secondary,77,11, 2.2, 2.7, 3.0, 3.0, 2.6, 2.8, 3.2, 3.4, 3.4, 3.5, 1.7, 1.4, 1.9, 2.0
SPRINGFIELD,MO, 13995, 37.23, 93.38,   387,   972,Secondary,77,12, 2.0, 3.0, 3.4, 3.7, 3.4, 2.9, 3.6, 4.0, 4.2, 4.3, 2.7, 2.0, 2.9, 3.2
SPRINGFIELD,MO, 13995, 37.23, 93.38,   387,   972,Secondary,78, 1, 2.3, 3.0, 3.3, 3.5, 3.3, 3.0, 3.5, 3.8, 4.0, 4.0, 1.9, 1.5, 2.1, 2.3
SPRINGFIELD,MO, 13995, 37.23, 93.38,   387,   972,Secondary,78, 2, 2.9, 3.5, 3.8, 3.9, 3.5, 3.8, 4.3, 4.5, 4.6, 4.6, 1.9, 1.8, 2.3, 2.4
SPRINGFIELD,MO, 13995, 37.23, 93.38,   387,   972,Secondary,78, 3, 4.1, 4.7, 4.8, 4.6, 3.3, 5.3, 5.8, 5.9, 5.8, 5.9, 2.8, 3.3, 3.8, 3.8
SPRINGFIELD,MO, 13995, 37.23, 93.38,   387,   972,Secondary,78, 4, 5.2, 5.6, 5.4, 5.1, 3.1, 6.7, 7.1, 7.0, 6.7, 7.1, 3.4, 4.3, 4.6, 4.6
SPRINGFIELD,MO, 13995, 37.23, 93.38,   387,   972,Secondary,78, 5, 5.8, 5.7, 5.4, 4.8, 2.4, 7.5, 7.6, 7.3, 6.9, 7.7, 3.5, 4.7, 4.5, 4.8
SPRINGFIELD,MO, 13995, 37.23, 93.38,   387,   972,Secondary,78, 6, 6.7, 6.5, 5.9, 5.1, 2.3, 8.7, 8.7, 8.3, 7.8, 8.9, 4.4, 5.8, 5.4, 5.9
SPRINGFIELD,MO, 13995, 37.23, 93.38,   387,   972,Secondary,78, 7, 7.3, 7.2, 6.7, 5.8, 2.6, 9.8, 9.8, 9.5, 8.9,10.0, 5.4, 7.2, 6.8, 7.3
SPRINGFIELD,MO, 13995, 37.23, 93.38,   387,   972,Secondary,78, 8, 6.1, 6.4, 6.2, 5.6, 3.1, 8.3, 8.6, 8.4, 8.0, 8.6, 4.5, 5.9, 6.0, 6.1
SPRINGFIELD,MO, 13995, 37.23, 93.38,   387,   972,Secondary,78, 9, 5.1, 5.9, 6.0, 5.8, 3.8, 7.2, 7.7, 7.8, 7.7, 7.8, 4.0, 4.9, 5.5, 5.5
SPRINGFIELD,MO, 13995, 37.23, 93.38,   387,   972,Secondary,78,10, 4.3, 5.6, 6.1, 6.2, 4.9, 6.5, 7.4, 7.8, 7.9, 7.9, 4.8, 5.0, 6.1, 6.2
SPRINGFIELD,MO, 13995, 37.23, 93.38,   387,   972,Secondary,78,11, 2.3, 3.1, 3.4, 3.5, 3.0, 3.1, 3.7, 3.9, 4.0, 4.1, 2.3, 1.9, 2.6, 2.7
SPRINGFIELD,MO, 13995, 37.23, 93.38,   387,   972,Secondary,78,12, 2.2, 3.2, 3.8, 4.1, 3.7, 3.2, 4.0, 4.4, 4.6, 4.7, 3.0, 2.2, 3.2, 3.5
SPRINGFIELD,MO, 13995, 37.23, 93.38,   387,   972,Secondary,79, 1, 2.3, 3.1, 3.5, 3.7, 3.5, 3.2, 3.8, 4.1, 4.2, 4.3, 2.0, 1.6, 2.2, 2.4
SPRINGFIELD,MO, 13995, 37.23, 93.38,   387,   972,Secondary,79, 2, 3.0, 3.8, 4.2, 4.3, 3.8, 4.2, 4.8, 5.0, 5.1, 5.2, 2.5, 2.3, 3.0, 3.1
SPRINGFIELD,MO, 13995, 37.23, 93.38,   387,   972,Secondary,79, 3, 3.7, 4.3, 4.4, 4.3, 3.1, 4.8, 5.3, 5.3, 5.2, 5.4, 2.4, 2.8, 3.2, 3.2
SPRINGFIELD,MO, 13995, 37.23, 93.38,   387,   972,Secondary,79, 4, 5.0, 5.3, 5.2, 4.8, 2.8, 6.6, 6.8, 6.8, 6.5, 6.9, 3.2, 4.2, 4.4, 4.5
SPRINGFIELD,MO, 13995, 37.23, 93.38,   387,   972,Secondary,79, 5, 5.9, 5.9, 5.6, 4.9, 2.5, 7.6, 7.7, 7.4, 7.0, 7.8, 3.5, 4.7, 4.6, 4.9
SPRINGFIELD,MO, 13995, 37.23, 93.38,   387,   972,Secondary,79, 6, 6.4, 6.3, 5.8, 5.0, 2.3, 8.3, 8.3, 7.9, 7.4, 8.5, 4.2, 5.5, 5.2, 5.6
SPRINGFIELD,MO, 13995, 37.23, 93.38,   387,   972,Secondary,79, 7, 6.0, 5.9, 5.4, 4.8, 2.3, 7.7, 7.7, 7.4, 7.0, 7.9, 3.5, 4.7, 4.5, 4.8
SPRINGFIELD,MO, 13995, 37.23, 93.38,   387,   972,Secondary,79, 8, 5.9, 6.1, 5.9, 5.3, 2.9, 8.0, 8.3, 8.1, 7.7, 8.3, 4.0, 5.4, 5.4, 5.6
SPRINGFIELD,MO, 13995, 37.23, 93.38,   387,   972,Secondary,79, 9, 5.4, 6.3, 6.4, 6.2, 4.1, 7.8, 8.5, 8.6, 8.4, 8.6, 4.6, 5.8, 6.3, 6.4
SPRINGFIELD,MO, 13995, 37.23, 93.38,   387,   972,Secondary,79,10, 3.7, 4.6, 4.9, 5.0, 4.0, 5.2, 5.9, 6.2, 6.2, 6.3, 3.4, 3.6, 4.4, 4.4
SPRINGFIELD,MO, 13995, 37.23, 93.38,   387,   972,Secondary,79,11, 2.5, 3.4, 3.8, 4.0, 3.5, 3.6, 4.3, 4.6, 4.8, 4.8, 2.8, 2.4, 3.3, 3.4
SPRINGFIELD,MO, 13995, 37.23, 93.38,   387,   972,Secondary,79,12, 2.3, 3.4, 4.0, 4.3, 4.0, 3.4, 4.3, 4.7, 5.0, 5.0, 3.3, 2.4, 3.5, 3.8
SPRINGFIELD,MO, 13995, 37.23, 93.38,   387,   972,Secondary,80, 1, 2.0, 2.7, 3.0, 3.2, 2.8, 2.7, 3.2, 3.4, 3.6, 3.6, 2.0, 1.5, 2.1, 2.3
SPRINGFIELD,MO, 13995, 37.23, 93.38,   387,   972,Secondary,80, 2, 3.1, 3.8, 4.2, 4.3, 3.7, 4.2, 4.8, 5.0, 5.1, 5.1, 2.4, 2.4, 3.0, 3.1
SPRINGFIELD,MO, 13995, 37.23, 93.38,   387,   972,Secondary,80, 3, 3.9, 4.4, 4.6, 4.5, 3.3, 5.1, 5.5, 5.6, 5.6, 5.7, 2.6, 3.0, 3.5, 3.5
SPRINGFIELD,MO, 13995, 37.23, 93.38,   387,   972,Secondary,80, 4, 5.5, 5.9, 5.8, 5.3, 3.2, 7.3, 7.7, 7.6, 7.3, 7.7, 3.8, 5.0, 5.2, 5.3
SPRINGFIELD,MO, 13995, 37.23, 93.38,   387,   972,Secondary,80, 5, 5.6, 5.6, 5.3, 4.7, 2.5, 7.3, 7.3, 7.1, 6.7, 7.4, 3.1, 4.3, 4.2, 4.4
SPRINGFIELD,MO, 13995, 37.23, 93.38,   387,   972,Secondary,80, 6, 6.3, 6.2, 5.7, 4.9, 2.3, 8.2, 8.1, 7.8, 7.3, 8.3, 3.9, 5.1, 4.8, 5.2
SPRINGFIELD,MO, 13995, 37.23, 93.38,   387,   972,Secondary,80, 7, 7.4, 7.3, 6.7, 5.8, 2.6,10.2,10.2, 9.9, 9.3,10.4, 5.7, 7.7, 7.3, 7.8
SPRINGFIELD,MO, 13995, 37.23, 93.38,   387,   972,Secondary,80, 8, 6.2, 6.5, 6.3, 5.7, 3.1, 8.5, 8.8, 8.6, 8.2, 8.8, 4.5, 6.0, 6.1, 6.3
SPRINGFIELD,MO, 13995, 37.23, 93.38,   387,   972,Secondary,80, 9, 4.6, 5.2, 5.3, 5.0, 3.3, 6.3, 6.7, 6.8, 6.6, 6.8, 3.2, 4.0, 4.4, 4.4
SPRINGFIELD,MO, 13995, 37.23, 93.38,   387,   972,Secondary,80,10, 4.1, 5.4, 5.8, 5.9, 4.7, 6.2, 7.1, 7.5, 7.5, 7.6, 4.6, 4.8, 5.9, 5.9
SPRINGFIELD,MO, 13995, 37.23, 93.38,   387,   972,Secondary,80,11, 2.9, 4.1, 4.7, 4.9, 4.4, 4.3, 5.2, 5.6, 5.9, 5.9, 3.7, 3.1, 4.3, 4.5
SPRINGFIELD,MO, 13995, 37.23, 93.38,   387,   972,Secondary,80,12, 2.0, 2.8, 3.2, 3.5, 3.1, 2.7, 3.4, 3.7, 3.9, 3.9, 2.3, 1.7, 2.5, 2.7
SPRINGFIELD,MO, 13995, 37.23, 93.38,   387,   972,Secondary,81, 1, 2.6, 3.8, 4.4, 4.8, 4.4, 3.8, 4.8, 5.3, 5.6, 5.6, 3.7, 2.8, 4.1, 4.4
SPRINGFIELD,MO, 13995, 37.23, 93.38,   387,   972,Secondary,81, 2, 3.2, 4.3, 4.7, 4.8, 4.1, 4.6, 5.4, 5.7, 5.8, 5.8, 3.2, 3.0, 3.9, 4.1
SPRINGFIELD,MO, 13995, 37.23, 93.38,   387,   972,Secondary,81, 3, 4.3, 5.1, 5.3, 5.2, 3.7, 5.8, 6.4, 6.6, 6.5, 6.6, 3.4, 3.9, 4.5, 4.5
SPRINGFIELD,MO, 13995, 37.23, 93.38,   387,   972,Secondary,81, 4, 5.3, 5.7, 5.6, 5.2, 3.1, 6.9, 7.3, 7.2, 6.9, 7.3, 3.4, 4.4, 4.6, 4.7
SPRINGFIELD,MO, 13995, 37.23, 93.38,   387,   972,Secondary,81, 5, 5.2, 5.2, 4.9, 4.3, 2.3, 6.3, 6.3, 6.1, 5.7, 6.4, 2.7, 3.5, 3.4, 3.6
SPRINGFIELD,MO, 13995, 37.23, 93.38,   387,   972,Secondary,81, 6, 5.7, 5.5, 5.1, 4.4, 2.1, 7.2, 7.1, 6.8, 6.4, 7.3, 3.2, 4.2, 4.0, 4.3
SPRINGFIELD,MO, 13995, 37.23, 93.38,   387,   972,Secondary,81, 7, 6.1, 6.0, 5.6, 4.9, 2.4, 7.8, 7.8, 7.6, 7.1, 8.0, 3.6, 4.8, 4.5, 4.8
SPRINGFIELD,MO, 13995, 37.23, 93.38,   387,   972,Secondary,81, 8, 5.5, 5.7, 5.5, 5.0, 2.8, 7.1, 7.3, 7.2, 6.8, 7.4, 3.3, 4.4, 4.4, 4.6
SPRINGFIELD,MO, 13995, 37.23, 93.38,   387,   972,Secondary,81, 9, 5.1, 5.8, 5.9, 5.7, 3.8, 7.1, 7.6, 7.7, 7.6, 7.8, 4.0, 4.9, 5.4, 5.4
SPRINGFIELD,MO, 13995, 37.23, 93.38,   387,   972,Secondary,81,10, 3.0, 3.6, 3.8, 3.8, 3.0, 3.8, 4.3, 4.5, 4.5, 4.5, 2.1, 2.1, 2.6, 2.6
SPRINGFIELD,MO, 13995, 37.23, 93.38,   387,   972,Secondary,81,11, 2.6, 3.6, 4.0, 4.2, 3.6, 3.6, 4.3, 4.7, 4.8, 4.9, 2.8, 2.3, 3.2, 3.4
SPRINGFIELD,MO, 13995, 37.23, 93.38,   387,   972,Secondary,81,12, 1.9, 2.7, 3.0, 3.2, 2.9, 2.6, 3.2, 3.5, 3.6, 3.7, 2.1, 1.5, 2.2, 2.4
SPRINGFIELD,MO, 13995, 37.23, 93.38,   387,   972,Secondary,82, 1, 2.3, 3.2, 3.7, 3.9, 3.6, 3.2, 3.9, 4.3, 4.5, 4.5, 2.5, 1.9, 2.8, 3.0
SPRINGFIELD,MO, 13995, 37.23, 93.38,   387,   972,Secondary,82, 2, 3.2, 4.0, 4.4, 4.5, 3.9, 4.4, 5.0, 5.3, 5.4, 5.4, 2.8, 2.6, 3.3, 3.4
SPRINGFIELD,MO, 13995, 37.23, 93.38,   387,   972,Secondary,82, 3, 4.5, 5.3, 5.4, 5.3, 3.8, 6.0, 6.7, 6.8, 6.7, 6.8, 3.6, 4.1, 4.7, 4.7
SPRINGFIELD,MO, 13995, 37.23, 93.38,   387,   972,Secondary,82, 4, 5.1, 5.4, 5.3, 4.9, 3.0, 6.6, 6.9, 6.9, 6.6, 7.0, 3.2, 4.2, 4.4, 4.5
SPRINGFIELD,MO, 13995, 37.23, 93.38,   387,   972,Secondary,82, 5, 5.6, 5.7, 5.3, 4.8, 2.5, 6.9, 7.0, 6.8, 6.4, 7.1, 3.1, 4.0, 3.8, 4.1
SPRINGFIELD,MO, 13995, 37.23, 93.38,   387,   972,Secondary,82, 6, 5.7, 5.5, 5.1, 4.4, 2.2, 6.9, 6.9, 6.6, 6.2, 7.0, 2.8, 3.7, 3.5, 3.8
SPRINGFIELD,MO, 13995, 37.23, 93.38,   387,   972,Secondary,82, 7, 6.5, 6.4, 5.9, 5.2, 2.5, 8.4, 8.4, 8.1, 7.6, 8.6, 3.9, 5.1, 4.9, 5.2
SPRINGFIELD,MO, 13995, 37.23, 93.38,   387,   972,Secondary,82, 8, 5.6, 5.8, 5.6, 5.1, 2.8, 7.1, 7.3, 7.2, 6.8, 7.4, 3.4, 4.3, 4.4, 4.5
SPRINGFIELD,MO, 13995, 37.23, 93.38,   387,   972,Secondary,82, 9, 4.7, 5.2, 5.3, 5.1, 3.4, 6.0, 6.4, 6.5, 6.3, 6.5, 3.0, 3.5, 3.9, 3.9
SPRINGFIELD,MO, 13995, 37.23, 93.38,   387,   972,Secondary,82,10, 3.7, 4.6, 4.9, 5.0, 3.9, 5.1, 5.8, 6.0, 6.1, 6.1, 3.3, 3.3, 4.1, 4.1
SPRINGFIELD,MO, 13995, 37.23, 93.38,   387,   972,Secondary,82,11, 2.3, 3.0, 3.2, 3.4, 2.9, 2.9, 3.4, 3.7, 3.8, 3.8, 2.0, 1.6, 2.2, 2.3
SPRINGFIELD,MO, 13995, 37.23, 93.38,   387,   972,Secondary,82,12, 1.8, 2.4, 2.8, 2.9, 2.6, 2.3, 2.8, 3.1, 3.2, 3.3, 1.8, 1.2, 1.9, 2.0
SPRINGFIELD,MO, 13995, 37.23, 93.38,   387,   972,Secondary,83, 1, 2.0, 2.6, 2.9, 3.1, 2.7, 2.5, 3.0, 3.2, 3.4, 3.4, 1.8, 1.2, 1.9, 2.0
SPRINGFIELD,MO, 13995, 37.23, 93.38,   387,   972,Secondary,83, 2, 2.9, 3.6, 3.8, 3.9, 3.2, 3.6, 4.2, 4.4, 4.4, 4.5, 2.2, 2.0, 2.6, 2.6
SPRINGFIELD,MO, 13995, 37.23, 93.38,   387,   972,Secondary,83, 3, 3.5, 3.9, 4.0, 3.8, 2.7, 4.2, 4.5, 4.5, 4.4, 4.6, 1.7, 1.9, 2.2, 2.2
SPRINGFIELD,MO, 13995, 37.23, 93.38,   387,   972,Secondary,83, 4, 4.2, 4.3, 4.2, 3.9, 2.4, 4.9, 5.1, 5.0, 4.8, 5.1, 1.9, 2.4, 2.5, 2.5
SPRINGFIELD,MO, 13995, 37.23, 93.38,   387,   972,Secondary,83, 5, 6.0, 6.0, 5.7, 5.0, 2.5, 7.8, 7.8, 7.6, 7.1, 7.9, 3.8, 5.0, 4.8, 5.1
SPRINGFIELD,MO, 13995, 37.23, 93.38,   387,   972,Secondary,83, 6, 6.5, 6.3, 5.8, 5.1, 2.4, 8.4, 8.4, 8.0, 7.5, 8.6, 3.9, 5.2, 4.9, 5.3
SPRINGFIELD,MO, 13995, 37.23, 93.38,   387,   972,Secondary,83, 7, 6.8, 6.7, 6.2, 5.4, 2.6, 9.0, 9.0, 8.7, 8.2, 9.2, 4.5, 6.0, 5.7, 6.2
SPRINGFIELD,MO, 13995, 37.23, 93.38,   387,   972,Secondary,83, 8, 6.3, 6.6, 6.4, 5.8, 3.2, 8.6, 8.9, 8.8, 8.4, 9.0, 4.6, 6.1, 6.1, 6.3
SPRINGFIELD,MO, 13995, 37.23, 93.38,   387,   972,Secondary,83, 9, 5.1, 5.8, 5.9, 5.7, 3.8, 7.0, 7.6, 7.7, 7.5, 7.7, 3.9, 4.8, 5.3, 5.3
SPRINGFIELD,MO, 13995, 37.23, 93.38,   387,   972,Secondary,83,10, 3.2, 3.9, 4.2, 4.2, 3.2, 4.2, 4.7, 4.9, 4.9, 5.0, 2.4, 2.4, 3.0, 3.1
SPRINGFIELD,MO, 13995, 37.23, 93.38,   387,   972,Secondary,83,11, 2.2, 2.8, 3.1, 3.3, 2.8, 2.9, 3.4, 3.6, 3.7, 3.8, 2.0, 1.6, 2.3, 2.4
SPRINGFIELD,MO, 13995, 37.23, 93.38,   387,   972,Secondary,83,12, 1.8, 2.4, 2.7, 2.8, 2.6, 2.3, 2.7, 3.0, 3.1, 3.1, 1.4, 0.9, 1.4, 1.5
SPRINGFIELD,MO, 13995, 37.23, 93.38,   387,   972,Secondary,84, 1, 2.4, 3.5, 4.0, 4.3, 4.0, 3.5, 4.3, 4.7, 5.0, 5.0, 2.9, 2.2, 3.2, 3.4
SPRINGFIELD,MO, 13995, 37.23, 93.38,   387,   972,Secondary,84, 2, 3.2, 4.2, 4.6, 4.7, 3.9, 4.4, 5.1, 5.4, 5.6, 5.6, 3.1, 2.8, 3.7, 3.8
SPRINGFIELD,MO, 13995, 37.23, 93.38,   387,   972,Secondary,84, 3, 3.5, 4.0, 4.1, 4.0, 3.0, 4.4, 4.8, 4.9, 4.8, 4.9, 2.0, 2.2, 2.6, 2.7
SPRINGFIELD,MO, 13995, 37.23, 93.38,   387,   972,Secondary,84, 4, 4.7, 4.9, 4.8, 4.4, 2.7, 5.9, 6.1, 6.0, 5.7, 6.1, 2.5, 3.3, 3.5, 3.5
SPRINGFIELD,MO, 13995, 37.23, 93.38,   387,   972,Secondary,84, 5, 5.7, 5.7, 5.3, 4.7, 2.5, 7.2, 7.3, 7.0, 6.6, 7.3, 3.2, 4.2, 4.1, 4.3
SPRINGFIELD,MO, 13995, 37.23, 93.38,   387,   972,Secondary,84, 6, 6.3, 6.1, 5.6, 4.9, 2.3, 8.3, 8.2, 7.9, 7.3, 8.4, 3.9, 5.3, 4.9, 5.4
SPRINGFIELD,MO, 13995, 37.23, 93.38,   387,   972,Secondary,84, 7, 6.7, 6.7, 6.2, 5.4, 2.6, 8.9, 8.9, 8.6, 8.1, 9.1, 4.4, 5.9, 5.6, 6.0
SPRINGFIELD,MO, 13995, 37.23, 93.38,   387,   972,Secondary,84, 8, 5.9, 6.2, 6.0, 5.4, 3.0, 7.8, 8.1, 8.0, 7.6, 8.1, 3.9, 5.1, 5.2, 5.3
SPRINGFIELD,MO, 13995, 37.23, 93.38,   387,   972,Secondary,84, 9, 4.7, 5.3, 5.3, 5.1, 3.4, 6.4, 6.8, 6.9, 6.7, 6.9, 3.4, 4.3, 4.7, 4.7
SPRINGFIELD,MO, 13995, 37.23, 93.38,   387,   972,Secondary,84,10, 2.7, 3.2, 3.3, 3.3, 2.5, 3.4, 3.8, 3.9, 3.8, 3.9, 1.7, 1.8, 2.2, 2.2
SPRINGFIELD,MO, 13995, 37.23, 93.38,   387,   972,Secondary,84,11, 2.5, 3.5, 3.9, 4.1, 3.6, 3.5, 4.3, 4.6, 4.8, 4.8, 2.8, 2.3, 3.2, 3.3
SPRINGFIELD,MO, 13995, 37.23, 93.38,   387,   972,Secondary,84,12, 1.9, 2.7, 3.1, 3.3, 3.0, 2.6, 3.2, 3.5, 3.7, 3.7, 2.1, 1.5, 2.2, 2.4
SPRINGFIELD,MO, 13995, 37.23, 93.38,   387,   972,Secondary,85, 1, 2.4, 3.3, 3.8, 4.1, 3.8, 3.4, 4.1, 4.5, 4.7, 4.7, 2.5, 2.0, 2.8, 3.0
SPRINGFIELD,MO, 13995, 37.23, 93.38,   387,   972,Secondary,85, 2, 3.0, 3.8, 4.1, 4.3, 3.8, 4.1, 4.7, 4.9, 5.1, 5.1, 2.4, 2.3, 2.9, 3.0
SPRINGFIELD,MO, 13995, 37.23, 93.38,   387,   972,Secondary,85, 3, 3.8, 4.4, 4.5, 4.4, 3.2, 4.9, 5.3, 5.4, 5.4, 5.5, 2.5, 2.8, 3.3, 3.3
SPRINGFIELD,MO, 13995, 37.23, 93.38,   387,   972,Secondary,85, 4, 5.3, 5.7, 5.6, 5.2, 3.2, 7.1, 7.5, 7.4, 7.1, 7.5, 3.6, 4.7, 4.9, 5.0
SPRINGFIELD,MO, 13995, 37.23, 93.38,   387,   972,Secondary,85, 5, 6.0, 6.1, 5.7, 5.1, 2.6, 7.8, 7.8, 7.6, 7.2, 7.9, 3.7, 4.9, 4.7, 5.0
SPRINGFIELD,MO, 13995, 37.23, 93.38,   387,   972,Secondary,85, 6, 5.8, 5.7, 5.2, 4.5, 2.2, 7.4, 7.3, 7.0, 6.5, 7.5, 3.1, 4.2, 3.9, 4.2
SPRINGFIELD,MO, 13995, 37.23, 93.38,   387,   972,Secondary,85, 7, 7.0, 6.9, 6.4, 5.6, 2.6, 9.4, 9.4, 9.1, 8.5, 9.6, 5.0, 6.5, 6.2, 6.7
SPRINGFIELD,MO, 13995, 37.23, 93.38,   387,   972,Secondary,85, 8, 5.6, 5.9, 5.7, 5.2, 2.9, 7.5, 7.7, 7.6, 7.2, 7.8, 3.6, 4.8, 4.9, 5.0
SPRINGFIELD,MO, 13995, 37.23, 93.38,   387,   972,Secondary,85, 9, 4.6, 5.1, 5.2, 4.9, 3.3, 6.2, 6.6, 6.7, 6.5, 6.7, 3.2, 4.0, 4.3, 4.4
SPRINGFIELD,MO, 13995, 37.23, 93.38,   387,   972,Secondary,85,10, 3.0, 3.5, 3.7, 3.7, 2.8, 3.9, 4.3, 4.4, 4.4, 4.4, 2.0, 2.2, 2.6, 2.7
SPRINGFIELD,MO, 13995, 37.23, 93.38,   387,   972,Secondary,85,11, 2.0, 2.5, 2.7, 2.7, 2.2, 2.5, 2.8, 3.0, 3.0, 3.0, 1.4, 1.2, 1.6, 1.7
SPRINGFIELD,MO, 13995, 37.23, 93.38,   387,   972,Secondary,85,12, 2.2, 3.2, 3.7, 4.0, 3.7, 3.1, 3.8, 4.3, 4.5, 4.6, 2.7, 1.9, 2.9, 3.2
SPRINGFIELD,MO, 13995, 37.23, 93.38,   387,   972,Secondary,86, 1, 2.7, 4.1, 4.7, 5.1, 4.6, 4.1, 5.1, 5.6, 5.9, 5.9, 3.9, 3.0, 4.3, 4.6
SPRINGFIELD,MO, 13995, 37.23, 93.38,   387,   972,Secondary,86, 2, 2.8, 3.4, 3.6, 3.7, 3.0, 3.5, 4.0, 4.2, 4.2, 4.2, 1.9, 1.8, 2.3, 2.4
SPRINGFIELD,MO, 13995, 37.23, 93.38,   387,   972,Secondary,86, 3, 4.7, 5.6, 5.9, 5.8, 4.2, 6.6, 7.3, 7.5, 7.4, 7.5, 4.1, 4.6, 5.4, 5.4
SPRINGFIELD,MO, 13995, 37.23, 93.38,   387,   972,Secondary,86, 4, 5.1, 5.5, 5.4, 5.0, 3.0, 6.6, 6.9, 6.8, 6.6, 6.9, 3.2, 4.1, 4.3, 4.3
SPRINGFIELD,MO, 13995, 37.23, 93.38,   387,   972,Secondary,86, 5, 5.2, 5.2, 4.9, 4.3, 2.3, 6.6, 6.6, 6.4, 6.0, 6.7, 2.6, 3.5, 3.5, 3.6
SPRINGFIELD,MO, 13995, 37.23, 93.38,   387,   972,Secondary,86, 6, 6.2, 6.1, 5.6, 4.8, 2.3, 7.8, 7.8, 7.4, 6.9, 7.9, 3.7, 4.8, 4.4, 4.8
SPRINGFIELD,MO, 13995, 37.23, 93.38,   387,   972,Secondary,86, 7, 6.8, 6.7, 6.2, 5.4, 2.5, 9.1, 9.1, 8.8, 8.3, 9.3, 4.7, 6.3, 6.0, 6.5
SPRINGFIELD,MO, 13995, 37.23, 93.38,   387,   972,Secondary,86, 8, 5.7, 6.0, 5.8, 5.3, 2.9, 7.6, 7.8, 7.7, 7.3, 7.9, 3.8, 5.0, 5.1, 5.2
SPRINGFIELD,MO, 13995, 37.23, 93.38,   387,   972,Secondary,86, 9, 4.1, 4.5, 4.5, 4.3, 2.9, 5.2, 5.6, 5.6, 5.4, 5.6, 2.4, 2.9, 3.2, 3.2
SPRINGFIELD,MO, 13995, 37.23, 93.38,   387,   972,Secondary,86,10, 3.1, 3.8, 4.1, 4.1, 3.2, 4.2, 4.7, 4.9, 4.9, 5.0, 2.4, 2.5, 3.1, 3.2
SPRINGFIELD,MO, 13995, 37.23, 93.38,   387,   972,Secondary,86,11, 2.2, 2.9, 3.2, 3.3, 2.8, 2.9, 3.4, 3.6, 3.7, 3.8, 2.0, 1.6, 2.3, 2.4
SPRINGFIELD,MO, 13995, 37.23, 93.38,   387,   972,Secondary,86,12, 1.9, 2.8, 3.2, 3.4, 3.1, 2.7, 3.3, 3.6, 3.8, 3.8, 2.3, 1.6, 2.4, 2.6
SPRINGFIELD,MO, 13995, 37.23, 93.38,   387,   972,Secondary,87, 1, 2.3, 3.1, 3.5, 3.7, 3.4, 3.1, 3.7, 4.1, 4.2, 4.3, 2.4, 1.8, 2.6, 2.8
SPRINGFIELD,MO, 13995, 37.23, 93.38,   387,   972,Secondary,87, 2, 2.8, 3.6, 3.8, 3.9, 3.2, 3.6, 4.2, 4.4, 4.5, 4.5, 2.3, 2.0, 2.7, 2.8
SPRINGFIELD,MO, 13995, 37.23, 93.38,   387,   972,Secondary,87, 3, 4.0, 4.7, 4.9, 4.8, 3.5, 5.4, 5.9, 6.1, 6.0, 6.1, 3.0, 3.4, 4.0, 4.0
SPRINGFIELD,MO, 13995, 37.23, 93.38,   387,   972,Secondary,87, 4, 5.8, 6.2, 6.1, 5.7, 3.3, 8.0, 8.4, 8.4, 8.0, 8.4, 4.4, 5.8, 6.0, 6.1
SPRINGFIELD,MO, 13995, 37.23, 93.38,   387,   972,Secondary,87, 5, 6.1, 6.2, 5.8, 5.1, 2.6, 8.0, 8.1, 7.8, 7.4, 8.2, 3.9, 5.2, 5.0, 5.3
SPRINGFIELD,MO, 13995, 37.23, 93.38,   387,   972,Secondary,87, 6, 6.5, 6.3, 5.8, 5.0, 2.3, 8.4, 8.3, 8.0, 7.5, 8.5, 4.1, 5.4, 5.1, 5.5
SPRINGFIELD,MO, 13995, 37.23, 93.38,   387,   972,Secondary,87, 7, 6.6, 6.6, 6.1, 5.3, 2.5, 9.1, 9.1, 8.8, 8.3, 9.3, 4.6, 6.2, 5.9, 6.4
SPRINGFIELD,MO, 13995, 37.23, 93.38,   387,   972,Secondary,87, 8, 5.9, 6.1, 5.9, 5.3, 2.9, 7.9, 8.1, 8.0, 7.6, 8.2, 4.1, 5.4, 5.4, 5.6
SPRINGFIELD,MO, 13995, 37.23, 93.38,   387,   972,Secondary,87, 9, 4.9, 5.7, 5.8, 5.6, 3.7, 6.9, 7.5, 7.6, 7.4, 7.6, 4.0, 4.9, 5.4, 5.5
SPRINGFIELD,MO, 13995, 37.23, 93.38,   387,   972,Secondary,87,10, 3.7, 4.7, 5.0, 5.1, 4.0, 5.3, 6.0, 6.3, 6.3, 6.3, 3.5, 3.7, 4.5, 4.6
SPRINGFIELD,MO, 13995, 37.23, 93.38,   387,   972,Secondary,87,11, 2.3, 3.1, 3.4, 3.6, 3.1, 3.2, 3.8, 4.0, 4.2, 4.2, 2.4, 2.0, 2.7, 2.9
SPRINGFIELD,MO, 13995, 37.23, 93.38,   387,   972,Secondary,87,12, 1.9, 2.8, 3.2, 3.4, 3.1, 2.7, 3.3, 3.6, 3.8, 3.9, 2.3, 1.6, 2.4, 2.7
SPRINGFIELD,MO, 13995, 37.23, 93.38,   387,   972,Secondary,88, 1, 2.4, 3.4, 3.9, 4.2, 3.8, 3.4, 4.2, 4.6, 4.8, 4.9, 2.9, 2.2, 3.2, 3.4
SPRINGFIELD,MO, 13995, 37.23, 93.38,   387,   972,Secondary,88, 2, 3.2, 4.1, 4.5, 4.6, 3.8, 4.7, 5.4, 5.7, 5.7, 5.8, 3.3, 3.3, 4.2, 4.3
SPRINGFIELD,MO, 13995, 37.23, 93.38,   387,   972,Secondary,88, 3, 4.4, 5.2, 5.4, 5.3, 3.8, 6.1, 6.8, 6.9, 6.8, 6.9, 3.6, 4.2, 4.8, 4.8
SPRINGFIELD,MO, 13995, 37.23, 93.38,   387,   972,Secondary,88, 4, 5.8, 6.2, 6.1, 5.7, 3.4, 7.8, 8.2, 8.2, 7.8, 8.3, 4.3, 5.5, 5.8, 5.8
SPRINGFIELD,MO, 13995, 37.23, 93.38,   387,   972,Secondary,88, 5, 6.5, 6.5, 6.1, 5.4, 2.7, 8.7, 8.8, 8.6, 8.1, 8.9, 4.5, 6.0, 5.9, 6.2
SPRINGFIELD,MO, 13995, 37.23, 93.38,   387,   972,Secondary,88, 6, 7.4, 7.2, 6.6, 5.6, 2.5, 9.9, 9.8, 9.4, 8.8,10.1, 5.4, 7.2, 6.7, 7.3
SPRINGFIELD,MO, 13995, 37.23, 93.38,   387,   972,Secondary,88, 7, 5.9, 5.8, 5.4, 4.8, 2.4, 7.6, 7.6, 7.3, 6.8, 7.7, 3.4, 4.5, 4.3, 4.6
SPRINGFIELD,MO, 13995, 37.23, 93.38,   387,   972,Secondary,88, 8, 6.1, 6.4, 6.2, 5.6, 3.1, 8.1, 8.4, 8.3, 7.9, 8.5, 4.3, 5.6, 5.7, 5.8
SPRINGFIELD,MO, 13995, 37.23, 93.38,   387,   972,Secondary,88, 9, 4.9, 5.6, 5.7, 5.4, 3.6, 6.8, 7.4, 7.4, 7.2, 7.4, 3.8, 4.8, 5.2, 5.3
SPRINGFIELD,MO, 13995, 37.23, 93.38,   387,   972,Secondary,88,10, 3.7, 4.7, 5.0, 5.0, 4.0, 5.2, 5.9, 6.2, 6.2, 6.2, 3.5, 3.6, 4.4, 4.5
SPRINGFIELD,MO, 13995, 37.23, 93.38,   387,   972,Secondary,88,11, 2.8, 4.0, 4.5, 4.8, 4.2, 4.1, 4.9, 5.4, 5.6, 5.6, 3.6, 2.9, 4.0, 4.3
SPRINGFIELD,MO, 13995, 37.23, 93.38,   387,   972,Secondary,88,12, 2.2, 3.4, 3.9, 4.2, 4.0, 3.3, 4.2, 4.6, 4.9, 4.9, 3.2, 2.3, 3.4, 3.7
SPRINGFIELD,MO, 13995, 37.23, 93.38,   387,   972,Secondary,89, 1, 2.3, 3.4, 3.8, 4.1, 3.7, 3.4, 4.2, 4.6, 4.8, 4.8, 3.0, 2.3, 3.3, 3.5
SPRINGFIELD,MO, 13995, 37.23, 93.38,   387,   972,Secondary,89, 2, 2.8, 3.4, 3.7, 3.8, 3.2, 3.7, 4.2, 4.4, 4.5, 4.5, 2.0, 2.0, 2.5, 2.6
SPRINGFIELD,MO, 13995, 37.23, 93.38,   387,   972,Secondary,89, 3, 4.2, 5.0, 5.2, 5.1, 3.8, 5.8, 6.3, 6.5, 6.4, 6.5, 3.2, 3.7, 4.3, 4.3
SPRINGFIELD,MO, 13995, 37.23, 93.38,   387,   972,Secondary,89, 4, 5.3, 5.6, 5.5, 5.1, 3.0, 6.9, 7.2, 7.1, 6.8, 7.2, 3.3, 4.3, 4.5, 4.6
SPRINGFIELD,MO, 13995, 37.23, 93.38,   387,   972,Secondary,89, 5, 6.0, 6.0, 5.6, 5.0, 2.5, 7.7, 7.8, 7.6, 7.1, 7.9, 3.7, 4.9, 4.7, 5.0
SPRINGFIELD,MO, 13995, 37.23, 93.38,   387,   972,Secondary,89, 6, 5.7, 5.5, 5.1, 4.4, 2.2, 7.1, 7.0, 6.7, 6.3, 7.2, 3.1, 4.0, 3.8, 4.1
SPRINGFIELD,MO, 13995, 37.23, 93.38,   387,   972,Secondary,89, 7, 5.9, 5.8, 5.3, 4.7, 2.3, 7.7, 7.7, 7.4, 6.9, 7.8, 3.4, 4.6, 4.3, 4.7
SPRINGFIELD,MO, 13995, 37.23, 93.38,   387,   972,Secondary,89, 8, 5.8, 6.0, 5.8, 5.3, 2.9, 7.8, 8.0, 7.8, 7.5, 8.0, 3.8, 5.1, 5.1, 5.3
SPRINGFIELD,MO, 13995, 37.23, 93.38,   387,   972,Secondary,89, 9, 4.6, 5.2, 5.2, 5.0, 3.4, 6.3, 6.8, 6.8, 6.7, 6.8, 3.3, 4.1, 4.6, 4.6
SPRINGFIELD,MO, 13995, 37.23, 93.38,   387,   972,Secondary,89,10, 3.8, 4.8, 5.2, 5.2, 4.1, 5.5, 6.2, 6.5, 6.5, 6.6, 3.7, 3.9, 4.7, 4.8
SPRINGFIELD,MO, 13995, 37.23, 93.38,   387,   972,Secondary,89,11, 3.0, 4.4, 5.0, 5.3, 4.8, 4.6, 5.6, 6.1, 6.4, 6.4, 4.1, 3.5, 4.8, 5.0
SPRINGFIELD,MO, 13995, 37.23, 93.38,   387,   972,Secondary,89,12, 2.2, 3.4, 3.9, 4.3, 4.0, 3.3, 4.2, 4.6, 4.9, 4.9, 3.0, 2.2, 3.3, 3.5
SPRINGFIELD,MO, 13995, 37.23, 93.38,   387,   972,Secondary,90, 1, 2.6, 4.0, 4.6, 4.9, 4.5, 4.0, 5.0, 5.5, 5.8, 5.8, 3.8, 2.9, 4.2, 4.5
SPRINGFIELD,MO, 13995, 37.23, 93.38,   387,   972,Secondary,90, 2, 3.0, 3.8, 4.2, 4.3, 3.5, 4.1, 4.7, 5.0, 5.1, 5.1, 2.8, 2.6, 3.3, 3.4
SPRINGFIELD,MO, 13995, 37.23, 93.38,   387,   972,Secondary,90, 3, 3.7, 4.3, 4.4, 4.3, 3.1, 4.9, 5.3, 5.4, 5.3, 5.4, 2.5, 2.8, 3.3, 3.3
SPRINGFIELD,MO, 13995, 37.23, 93.38,   387,   972,Secondary,90, 4, 5.1, 5.4, 5.3, 4.9, 3.0, 6.5, 6.8, 6.7, 6.4, 6.8, 3.0, 3.8, 4.1, 4.1
SPRINGFIELD,MO, 13995, 37.23, 93.38,   387,   972,Secondary,90, 5, 5.0, 5.0, 4.7, 4.2, 2.2, 6.1, 6.1, 5.9, 5.5, 6.2, 2.5, 3.3, 3.2, 3.4
SPRINGFIELD,MO, 13995, 37.23, 93.38,   387,   972,Secondary,90, 6, 6.8, 6.6, 6.1, 5.2, 2.4, 9.1, 9.1, 8.7, 8.1, 9.3, 4.7, 6.3, 5.9, 6.4
SPRINGFIELD,MO, 13995, 37.23, 93.38,   387,   972,Secondary,90, 7, 6.5, 6.4, 5.9, 5.2, 2.4, 8.5, 8.5, 8.2, 7.6, 8.6, 4.3, 5.7, 5.4, 5.8
SPRINGFIELD,MO, 13995, 37.23, 93.38,   387,   972,Secondary,90, 8, 5.9, 6.2, 6.0, 5.4, 3.0, 8.0, 8.3, 8.1, 7.8, 8.3, 4.0, 5.3, 5.4, 5.6
SPRINGFIELD,MO, 13995, 37.23, 93.38,   387,   972,Secondary,90, 9, 4.7, 5.3, 5.4, 5.2, 3.4, 6.4, 6.9, 7.0, 6.8, 7.0, 3.4, 4.3, 4.7, 4.7
SPRINGFIELD,MO, 13995, 37.23, 93.38,   387,   972,Secondary,90,10, 3.8, 5.0, 5.4, 5.5, 4.4, 5.6, 6.5, 6.8, 6.9, 6.9, 4.1, 4.2, 5.2, 5.3
SPRINGFIELD,MO, 13995, 37.23, 93.38,   387,   972,Secondary,90,11, 2.6, 3.7, 4.1, 4.4, 3.8, 3.8, 4.6, 4.9, 5.1, 5.2, 3.2, 2.6, 3.6, 3.8
SPRINGFIELD,MO, 13995, 37.23, 93.38,   387,   972,Secondary,90,12, 2.0, 2.9, 3.4, 3.6, 3.4, 2.9, 3.6, 3.9, 4.2, 4.2, 2.5, 1.8, 2.7, 2.9
SPRINGFIELD,MO, 13995, 37.23, 93.38,   387,   972,Secondary,
